0,Black 
128,Navy 
139,DarkBlue 
160,New Midnight Blue
165,Earth Blue
205,MediumBlue 
255,Blue 
767,Samco Blue
8386,Cobalt Blue
16834,Blueberry Blue
16933,Lotus Green
25600,DarkGreen 
27214,Bottle Green
31872,Teal Blue
32768,Green 
32896,Teal 
33407,Teal Green
35723,DarkCyan 
41836,Jade
49151,DeepSkyBlue 
52945,DarkTurquoise 
64154,MediumSpringGreen 
65280,Lime 
65407,SpringGreen 
65535,Aqua
129478,Bright Teal
212542,Deep Teal
263968,Black Blue
286045,Dark Teal
286559,Medium Teal
287495,Deep Emerald Green
353800,Deep Green
565323,Irish Green
592383,Bright Blue
720895,Bright Cyan
788746,Night
1193046,Deep-Sea Blue
1223979,Parrot Green
1237395,Aqua Green
1383252,Night Blue
1383309,Denim Dark Blue
1388926,Lapis Blue
1403335,Blue Eyes
1408492,Blue Dress
1411583,Neon Blue
1499893,Bright Turquoise
1504553,Neon Green
1644912,MidnightBlue 
1668306,Bright Navy Blue
1745504,Chrome Green
1804907,Elf Green
2003199,DodgerBlue 
2049532,Blue Orchid
2057047,Dark Green Blue
2142890,LightSeaGreen 
2257986,Cactus Green
2263842,ForestGreen 
2281091,Isle Of Man Green
2439228,DarkSlateGray
2441495,Dark Forest Green
2446535,Sapphire Blue
2585644,Racing Green
2692853,Canary Blue
2704987,Dark Blue Grey
2824983,Midnight
2832470,Dark Slate
2839678,Blue Jay
2842846,Balloon Blue
2844140,Ocean Blue
2897209,Gunmetal
3021383,Midnight Purple
3050327,SeaGreen 
3082505,Dark Maroon
3101595,Estoril Blue
3172180,Deep-Sea Green
3174143,Blue Ribbon
3177854,Greenish Blue
3182791,Blue Ivy
3248238,Dark Mint
3329330,LimeGreen 
3418156,Charcoal
3419518,Blue Whale
3437109,Medium Forest Green
3439639,Shamrock Green
3439660,Jungle Green
3442561,Aquamarine Stone
3450223,Earth Green
3497531,Hunter Green
3505863,Windows Blue
3539263,Deep Purple
3556687,Charcoal Blue
3574721,Glacial Blue Ice
3601791,Lime Mint Green
3701828,Pine Green
3714284,Butterfly Blue
3816252,Dark Gray
3825419,Green Leaves
3878703,Dark Coffee
3879217,Oil
3906716,Deep-Sea
3914239,Midday Blue
3954267,Blue Moss Green
3978097,MediumSeaGreen 
4000770,Black Bean
4011573,Gray Brown
4013114,Iridium
4104277,Clover Green
4106655,Seafoam Green
4109449,Mint
4128783,Chocolate Brown
4168459,Grass Green
4251856,Turquoise 
4274233,Black Cat
4286945,RoyalBlue 
4301591,Dark Lime Green
4403246,Old Burgundy
4422679,Seaweed Green
4427136,Sea Turtle Green
4440007,Macaw Blue Green
4441819,Blue Turquoise
4539717,Light Black
4594558,Purple Monster
4603455,Black Eel
4620980,SteelBlue 
4638663,Jellyfish
4734002,Taupe
4734347,DarkSlateBlue 
4744096,Azure Blue
4754119,Silk Blue
4771021,Deep Turquoise
4772300,MediumTurquoise 
4799782,Mocha
4800831,Western Charcoal
4866346,Dark Grayish Olive
4890668,Green Pepper
4915330,Indigo 
4915536,Dark Purple
4936480,Army Green
4998726,Black Cow
5011582,Beetle Green
5030935,Green Apple
5031250,Kelly Green
5126270,Purple Haze
5132672,Purple Navy
5135153,Military Green
5146997,Dull-Sea Green
5149272,Fall Forest Green
5169900,Blue Diamond
5261899,Gray Wolf
5294200,Emerald
5303276,Celeste
5323548,Milk Chocolate
5396829,Iron Gray
5427223,Pea Green
5526438,Deep Periwinkle
5555569,Zombie Green
5573173,Purple Lily
5576198,Blood Night
5585356,Dark Blurple
5594448,Ebony
5597999,DarkOliveGreen 
5636889,Dark Scarlet
5656657,Vampire Gray
5664126,Marble Blue
5678572,Iceberg
5708670,Purple Iris
5761380,Stoplight Go Green
5766911,Blue Zircon
5781337,Plum Purple
5793266,Blurple
5892119,Nebula Green
6042391,Bakers Brown
6051928,Gray Dolphin
6075391,Crystal Blue
6183552,Grape
6192510,Grayish Turquoise
6224750,Jade Green
6266528,CadetBlue 
6290199,Emerald Green
6373457,Eggplant
6385022,Jet Gray
6388824,Hazel Green
6434594,Red Brown
6446429,Carbon Gray
6570263,Pullman Brown
6581630,Mist Blue
6591981,CornflowerBlue 
6613382,Algae Green
6636321,Dark Brown
6648707,Slate Granite Gray
6659783,Blue Koi
6684672,Red Blood
6697881,RebeccaPurple 
6708510,Antique Bronze
6710114,Ash Gray
6711211,Very Peri
6716454,Fern Green
6723839,Sky Blue Dress
6737322,MediumAquaMarine 
6749952,Bright Green
6842988,Nardo Gray
6906092,Blue Lotus
6908265,DimGray
6950317,Bright Purple
6957182,Purple Jam
6970061,SlateBlue 
6988065,Green Onion
7011218,Dragon Green
7048739,OliveDrab 
7089607,Purple Amethyst
7125820,Green Snake
7128087,Alien Green
7170408,Cloudy Gray
7175053,Rat Gray
7286184,Bright Grape
7294519,Coffee
7356948,Sepia Brown
7372944,SlateGray
7499373,Smokey Gray
7506944,Venom Green
7507918,Light Purple Blue
7550517,Garnet Red
7564031,Light Slate Blue
7565166,Alien Gray
7568545,Slate Blue Grey
7577964,Dinosaur Green
7697781,Sonic Silver
7697871,Periwinkle Purple
7833753,LightSlateGray
7847879,Blue Hosta
7855479,Pastel Green
7892319,Sandstone
7898731,Camouflage Green
7915463,Northern Lights Blue
7960953,Platinum Gray
7977708,Denim Blue
8019399,Purple Sage Bush
8087790,MediumSlateBlue 
8113333,Blue Green
8166798,Metallic Green
8190976,LawnGreen 
8193345,Plum Pie
8193362,Plum Velvet
8257022,Tron Blue
8263963,Vermilion
8271127,Blood Red
8271181,Velvet Maroon
8271895,Sangria
8280190,Viola Purple
8337644,Lovely Purple
8341036,Sepia
8343122,Rosy-Finch
8344087,Red Dirt
8344157,Dull Purple
8346200,Puce
8382487,Hummingbird Green
8388352,Chartreuse 
8388564,Aquamarine 
8388608,Maroon 
8388736,Purple 
8389911,Deep Red
8407552,Dark Bronze
8414487,Oak Brown
8421376,Olive 
8421504,Gray
8455489,Purple Maroon
8509648,Tiffany Blue
8550457,Dark Moccasin
8551264,Army Brown
8560514,Basil Green
8571647,Day Sky Blue
8608827,Brown Bear
8617596,Granite
8620438,Roman Silver
8662478,Clematis Violet
8677335,Light Purple
8684674,Battleship Gray
8686457,Sage Green
8764261,Dollar Bill Green
8806542,French Lilac
8857175,Dark Raspberry
8892359,Columbia Blue
8900331,SkyBlue 
8900346,LightSkyBlue 
8910615,Yellow Lawn Green
8993791,Aztech Purple
9028444,Green Peas
9055202,BlueViolet 
9060631,Dark Sienna
9078365,Khaki Green
9083483,Moss Green
9109504,DarkRed 
9109643,DarkMagenta 
9127187,SaddleBrown 
9142272,Dark Yellow
9175066,Burgundy
9211020,Dark Gainsboro
9255113,Purple Violet
9277837,Gunmetal Gray
9319919,Purple Plum
9336344,Hazel
9366508,Blue Lagoon
9374475,Maroon Red
9417501,Citron Green
9419919,DarkSeaGreen 
9498256,LightGreen 
9527149,Mauve Taupe
9532140,Crocus Purple
9619399,Cyan Opaque
9638676,Saffron Red
9662683,MediumPurple 
9671036,Millennium Jade
9693630,Aqua Seafoam Green
9699304,Light Aquamarine
9699539,DarkViolet 
9782581,Chestnut
9812423,Baby Blue
9858867,Wood
9862070,Lavender Purple
10006471,Blue Gray
10024214,Aloe Vera Green
10025880,PaleGreen 
10026904,Mint Green
10027008,Crimson Red
10027026,Red Wine
10040012,DarkOrchid 
10055792,Rose Dust
10077838,Frog Green
10145074,YellowGreen 
10157823,Electric Blue
10268785,Iguana Green
10289407,Neon Purple
10338825,Pistachio Green
10372664,Coral Brown
10386431,Purple Mimosa
10420239,Cranberry
10456182,Dark Beige
10506797,Sienna 
10538988,Jeans Blue
10540724,Turquoise Green
10580360,Rosy
10602805,Salad Green
10632172,Jasmine Purple
10661276,Gray Green
10824234,Brown 
10947882,Carbon Red
10963655,Purple Flower
11104578,Metallic Bronze
11119017,DarkGray
11168825,Dark Gold
11202769,Magic Mint
11237454,Dark Almond
11393254,LightBlue 
11395071,Light Day Blue
11401218,Lemon Green
11403055,GreenYellow 
11508576,Bullet Shell
11525356,Coral Blue
11529966,PaleTurquoise 
11551231,Purple Daffodil
11552949,Orchid Purple
11575242,Rose Purple
11583258,Acid Green
11587550,LightSteelBlue 
11591910,PowderBlue 
11636863,Pastel Brown
11664151,Dull Green Yellow
11671559,Tomato Sauce Red
11674146,FireBrick 
11715144,Avocado Green
11748460,Raspberry Purple
11764865,Rosy Pink
11786713,Light Teal
11849708,Pastel Blue
11887901,Light Brown
11904578,Brass
11922090,Green Thumb
11953874,Rich Lilac
11974324,Gray Cloud
12019508,Petra Gold
12046060,Blue Angel
12073992,Ginger Red
12084480,Dark Bisque
12088115,Copper
12092939,DarkGoldenRod 
12106886,Light Olive Green
12139407,Pink Plum
12211667,MediumOrchid 
12236908,Olive Green
12357519,RosyBrown 
12368010,Sage
12371660,Metallic Silver
12380500,Slime Green
12433259,DarkKhaki 
12447231,Robin Egg Blue
12449046,Chameleon Green
12599296,Mahogany
12615809,Old Rose
12632256,Silver 
12655383,Chilli Pepper
12657255,Burnt Pink
12657283,Dark Carnation Pink
12658793,Rogue Pink
12687979,Camel Brown
12721750,Rose Red
12731969,Cherry Red
12735107,Bashful Pink
12737148,Tulip Pink
12759680,Sand
12771327,Sea Blue
12772819,Light Mint Green
12788040,Bright Maroon
12798508,Chestnut Red
12802071,Red Fox
12804673,Rust
12816071,Purple Dragon
12844472,Light Jade
12868332,Tyrian Purple
12874833,Orange Salmon
12878217,Pink Brown
12879763,Lipstick Pink
12889773,Silver Pink
12945687,Cinnamon
12947598,Khaki Rose
13012503,Caramel
13020871,Wisteria Purple
13033215,Heavenly Blue
13047173,MediumVioletRed 
13083415,Cookie Brown
13140289,Tiger Orange
13148872,Lilac
13151615,Light French Beige
13153632,Fall Leaf Brown
13216166,Dusty Rose
13217373,Bronze Gold
13221474,Ginger Brown
13222075,Pale Silver
13230060,Gulf Blue
13247083,Pink Violet
13331793,Copper Red
13382539,Magenta Pink
13395456,Sedona
13400715,Dusky Pink
13421823,Periwinkle
13433693,Tea Green
13434879,Light Slate
13458524,IndianRed 
13467442,Bronze
13468991,Peru 
13553358,Platinum Silver
13626604,Pale Blue Lily
13723015,Purple Pink
13750478,Gray Goose
13789470,Chocolate 
13799868,Pastel Violet
13808780,Tan 
13810131,Purple Thistle
13882323,LightGray
13918975,Heliotrope Purple
13934615,Orange Gold
13938487,Metallic Gold
13994644,Dusty Pink
14014186,Pastel Light Blue
14193135,Bright Lilac
14204888,Thistle 
14293124,Barbie Pink
14315734,Orchid 
14322279,Light Copper
14329120,GoldenRod 
14343133,Silver White
14347777,Neon Yellow Green
14381203,PaleVioletRed 
14412282,White Blue
14416347,Light Rose Green
14423100,Crimson 
14432287,Grapefruit
14471423,Pale Lilac
14474460,Gainsboro 
14524637,Plum 
14596231,BurlyWood 
14644180,Deep Mauve
14668771,Purple White
14725375,Mauve
14745599,LightCyan 
14801361,Dark White
14825708,Crimson Purple
14853999,Brown Sugar
14873878,Yellow Green Grosbeak
14879581,Raspberry
14889373,Dimorphotheca Magenta
14912174,Cadillac Pink
14935290,Lavender Blue
14940582,Organic Brown
14949143,Love Red
14950935,Lava Red
14952572,Pink Lemonade
14966429,Pink Cupcake
15029329,Valentine Red
15031100,Shocking Orange
15034135,Papaya Orange
15036052,Blush Red
15038607,Pastel Rose
15066338,Platinum
15100972,Halloween Orange
15103057,Sunrise Orange
15116780,Blush Pink
15122307,Deer Brown
15124418,Gold Pink
15132410,Lavender 
15160448,Dark Pink
15161772,Royal Pink
15168625,Pink Coral
15174241,Tangerine
15178147,Pink Daisy
15180208,Rose Pink
15246103,School Bus Yellow
15248810,Rose
15262921,Dirty White
15266260,Chrome White
15308410,DarkSalmon 
15313687,Bee Yellow
15323116,Periwinkle Pink
15328468,Ash White
15384855,Golden Brown
15396585,White Ice
15422470,Red Gold
15457762,Lavender Pinocchio
15463674,Water
15517120,Rose Gold
15525302,Tan Brown
15583663,Desert Sand
15587956,Cardboard Brown
15590005,Harvest Gold
15591126,White Chocolate
15631086,Violet 
15637069,Brown Sand
15651330,Safety Yellow
15657130,PaleGoldenRod 
15723480,Warm White
15761536,LightCoral 
15786678,Dark Blonde
15787660,Khaki 
15792383,AliceBlue 
15794160,HoneyDew 
15794175,Azure 
15852972,Light Gold
15901416,Pastel Purple
15907686,Macaroni and Cheese
15914199,Pale Pink
15983555,Golden Silk
15984043,Vanilla
15984874,Red White
16004095,Bright Neon Pink
16032864,SandyBrown 
16066695,Hot Deep Pink
16070058,Neon Pink
16113331,Wheat 
16114198,Banana Yellow
16119260,Beige 
16119285,WhiteSmoke 
16121850,MintCream 
16130583,Ruby Red
16132119,Fire Engine Red
16135562,Violet Red
16146603,Dark Hot Pink
16151168,Pastel Red
16170496,Deep Yellow
16172733,Warm Pink
16190746,Ferrari Red
16211289,Bean Red
16218273,Carnation Pink
16246734,Champagne
16282135,Pumpkin Orange
16282673,Construction Cone Orange
16285719,Carrot Orange
16286040,Basket Ball Orange
16291968,Pink Orange
16300171,Pastel Orange
16314595,Off White
16316144,Pearl White
16316671,GhostWhite 
16354184,Peach Pink
16356971,Light Salmon Rose
16361392,Flamingo Pink
16365567,Blossom Pink
16374564,Bold Yellow
16381678,Bone White
16394837,Red Pink
16416882,Salmon 
16428986,Baby Pink
16428990,Donut Pink
16444375,AntiqueWhite 
16445661,Soft Ivory
16445670,Linen 
16446959,Rice
16447620,Pastel Yellow
16448210,LightGoldenRodYellow 
16494871,Beer
16496919,Saffron
16497593,Deep Rose
16502733,Light Rose
16504235,Coral Peach
16508833,Golden Blonde
16512729,Blonde
16514041,Cotton
16542853,Watermelon Pink
16572415,Cotton Candy
16587779,Neon Red
16594076,Neon Hot Pink
16628993,Neon Gold
16633879,Bright Gold
16635876,Pig Pink
16641780,Pearl
16671530,Fluro Orange
16688042,Pastel Pink
16701617,Light Orange
16707811,OldLace 
16710911,Milk White
16711680,Red 
16711807,Bright Pink
16711935,Fuchsia
16716947,DeepPink 
16720896,Scarlet Red
16724906,Chrome Pink
16729344,OrangeRed 
16736031,Bright Orange
16737095,Tomato 
16738048,Neon Orange
16738740,HotPink 
16742178,Indian Saffron
16742399,Fuchsia Pink
16742656,Safety Orange
16744272,Coral 
16744512,Mango Orange
16746100,Salmon Pink
16747520,DarkOrange 
16752762,LightSalmon 
16753920,Orange 
16754176,Cheese Orange
16754223,Cantaloupe
16756290,Yellow Orange
16757456,Powder Pink
16758465,LightPink 
16758975,Soft Pink
16761035,Pink 
16763812,Deep Peach
16764107,Light Red
16764484,Chrome Gold
16766720,Gold 
16766977,Rubber Ducky Yellow
16767673,PeachPuff 
16767832,Mustard Yellow
16768458,Unbleached Silk
16768685,NavajoWhite 
16768768,Golden Yellow
16768989,Pink Bubble Gum
16770229,Moccasin 
16770244,Bisque 
16770273,MistyRose 
16770484,Peach
16770792,Blush
16771196,Sun Yellow
16772045,BlanchedAlmond
16772864,Canary Yellow
16773077,PapayaWhip 
16773339,Light Beige
16773365,LavenderBlush 
16774016,Corn Yellow
16774638,SeaShell 
16775388,Cornsilk 
16775399,Cosmic Latte
16775651,Egg Shell
16775885,LemonChiffon 
16775920,FloralWhite 
16775930,Snow 
16776656,Cream White
16776954,Half White
16776960,Yellow 
16777011,Neon Yellow
16777154,Parchment
16777164,Cream
16777184,LightYellow 
16777200,Ivory 
16777204,White Gold
16777207,Light White
16777215,White 